title,author,date read,stars,published_date,pages,genre
Emma,Jane Austen,2011,0.0,1886,442.0,classics
Jane Eyre,Charlotte Bronte,2011,0.0,12/17/14,562.0,classics
Kiss Kiss,Roald Dahl,2011,0.0,1959,324.0,classics
Life of Pi,Yann Martel,2011,0.0,1/27/22,81.0,fiction
Sick Puppy,Carl Hiaasen,2011,0.0,5/1/01,625.0,fiction
Siddhartha,Herman Hesse,2011,0.0,9/2/17,108.0,classics
Stiff Upper Lip Jeeves,P. G. Wodehouse,2011,0.0,1963,228.0,classics
The Courage of Their Convictions,Peter Irons,2011,0.0,7/5/16,481.0,nonfiction
The Glass Castle,Jeannette Walls,2011,0.0,7/11/17,320.0,memoir
The Chosen,Chaim Potok,2011,0.0,1/11/22,272.0,classics
The Martian Chronicles,Ray Bradbury,2011,0.0,4/17/12,260.0,sci fi
Welcome to the Monkey House,Kurt Vonnegut,2011,0.0,12/18/07,354.0,classics
"Eat, Pray, Love",Elizabeth Gilbert,2011,0.0,3/5/07,385.0,memoir
Waiting for the Barbarians,J.M. Coetzee,2011,0.0,1981,168.0,classics
The Things They Carried,Tim O’Brien,2011,0.0,10/13/09,259.0,historical fiction
One God Clapping,Alan Lew and Sherril Jaffe,2011,0.0,2001,337.0,nonfiction
The Giver,Lois Lowry,2011,0.0,2014,257.0,YA
Anthem,Ayn Rand,2011,0.0,8/8/23,57.0,classics
1984,George Orwell,2011,0.0,9/3/13,309.0,classics
Utopia,Sir Thomas More,2011,0.0,1912,450.0,classics
Childhood’s End,Arthur C. Clark,2011,0.0,10/27/15,226.0,sci fi
Herland,Charlotte Perkins Gilman,2011,0.0,1999,388.0,classics
Lost Horizon,James Hilton,2011,1.0,11/13/22,200.0,classics
The Number One Ladies Detective Agency,Alexander McCall Smith,2011,0.0,2005,274.0,international fiction
Lives of the Monster Dogs,Kirsten Bakis,2011,1.0,5/9/17,321.0,fiction
The War of the Worlds,H.G. Wells,2011,0.0,4/7/18,108.0,sci fi
Nature Girl,Carl Hiaasen,2011,0.0,3/23/21,369.0,fiction
Roverandom,J.R.R. Tolkien,2011,0.0,9/26/13,120.0,fiction
My Name is Asher Lev,Chaim Potok,2011,0.0,7/1/09,386.0,fiction
Winterdance,Gary Paulson,2011,0.0,1995,284.0,YA
The Clan of the Cave Bear,Jean Auel,2011,0.0,10/6/10,529.0,YA
Swallow the Ocean,Laura Flynn,2011,0.0,2010-05,310.0,nonfiction
Whale Season,N.M. Kelby,2011,0.0,2006,322.0,fiction
Getting Stoned with Savages,J. Martin Troost,2011,0.0,,,nonfiction
"I Love You, Beth Cooper",Larry Doyle,2011,0.0,10/13/09,306.0,fiction
Double Whammy,Carl Hiaasen,2011,0.0,11/24/20,401.0,fiction
Skin Tight,Carl Hiaasen,2011,0.0,1/5/10,360.0,fiction
Nefertiti: Book of the Dead,Nick Drake,2011,0.0,10/13/09,354.0,historical fiction
Grace (Eventually),Anne Lamott,2011,0.0,2/26/08,281.0,nonfiction
Tristessa,Jack Kerouac,2011,0.0,6/1/92,77.0,fiction
Perfect Match,Jodi Picoult,2011,0.0,11/24/15,544.0,fiction
"Go Green, Live Rich",David Bach,2011,0.0,4/8/08,194.0,nonfiction
The Pesthouse,Jim Crace,2011,0.0,6/4/10,274.0,sci fi
The Kiss,Kathryn Harrison,2011,0.0,5/4/11,258.0,memoir
"God Bless You, Doctor Kavorkian",Kurt Vonnegut,2011,0.0,1/4/11,46.0,speculative fiction
Left for Dead,Beck Weathers,2011,0.0,2001,308.0,nonfiction
Traveling Mercies,Anne Lamott,2011,0.0,2/15/00,290.0,nonfiction
Leave the Building Quickly,Cynthia Kaplan,2011,0.0,4/1/09,244.0,nonfiction
Lucky You,Carl Hiaasen,2011,0.0,1997,580.0,fiction
"Plan B, Further Thoughts on Faith",Anne Lamott,2011,0.0,3/28/06,354.0,nonfiction
The Time Traveler’s Wife,Audrey Niffenegger,2011,1.0,4/30/21,424.0,fiction
Lavinia,Ursula K. LeGuin,2011,0.0,2008,311.0,fantasy
Stardust,Neil Gaiman,2011,0.0,8/29/06,282.0,fantasy
The Twentieth Wife,Indu Sundaresan,2011,1.0,10/1/13,1136.0,international fiction
The Eyre Affair,Jasper Fforde,2011,0.0,2/25/03,388.0,fiction
The Pilot’s Wife,Anita Shreve,2011,0.0,7/31/07,231.0,fiction
A Spot of Bother,Mark Haddon,2011,0.0,9/17/09,370.0,fiction
The Confessions of Max Tivoli,Andrew Sean Greer,2011,0.0,2005-02,292.0,fantasy
The Feast of Roses,Indu Sundaresan,2011,0.0,5/27/03,402.0,international fiction
No One Writes to the Colonel,Gabriel Garcia Marquez,2011,0.0,1968,184.0,classics
Metamorphosis,Franz Kafka,2011,0.0,12/2/20,63.0,classics
City of Illusions,Ursula le Guin,2011,0.0,1978,216.0,fantasy
Lost in a Good Book,Jasper Fforde,2011,0.0,2/24/04,417.0,fiction
Slaughterhouse Five,Kurt Vonnegut,2011,0.0,8/11/09,286.0,sci fi
Three Cups of Tea,Greg Mortenson and David Oliver Relin,2011,1.0,3/2/06,374.0,nonfiction
Iliad,Homer,2011,0.0,2007,480.0,classics
Aeneid,Vergil,2011,0.0,4/1/13,536.0,classics
Song of Roland,French anon. poet,2011,0.0,,,classics
Sunjata epic,Mande folk tale,2011,0.0,,,classics
Omeros,Derek Walcott,2011,0.0,1990,325.0,classics
The Well of Lost Plots,Jasper Fforde,2011,0.0,8/3/04,406.0,fiction
Something Rotten,Jasper Fforde,2011,0.0,7/26/05,416.0,fiction
The Kite Runner,Khaled Hosseini,2011,1.0,2/1/08,426.0,international fiction
A Thousand Splendid Suns,Khaled Hosseini,2011,1.0,11/25/08,432.0,international fiction
Touching the Void,Joe Simpson,2011,0.0,12/12/12,346.0,nonfiction
The Big Over Easy,Jasper Fforde,2011,0.0,7/25/06,404.0,fiction
The Explosive Child,Ross Greene,2011,0.0,2005,322.0,nonfiction
The Year of Living Biblically,A.J. Jacobs,2011,1.0,11/15/11,1088.0,nonfiction
Smashed,Koren Zailckas,2011,1.0,1/31/06,372.0,nonfiction
The Fourth Bear,Jasper Fforde,2011,0.0,7/31/07,404.0,fiction
The White Tiger,Aravind Adiga,2011,0.0,10/14/08,16.0,international fiction
Possible Side Effects,Augusten Burroughs,2011,0.0,4/17/07,308.0,memoir
The Septembers of Shiraz,Dalia Sofer,2011,0.0,10/13/09,398.0,historical fiction
The Age of Shiva,Manil Suri,2011,0.0,1/12/09,464.0,historical fiction
Firmin,Sam Savage,2011,0.0,11/16/10,161.0,fantasy
When You Are Engulfed in Flames,David Sedaris,2011,0.0,6/3/08,247.0,memoir
Ethan Frome,Edith Wharton,2011,0.0,12/17/16,143.0,classics
The Reluctant Fundamentalist,Mohsin Hamid,2011,0.0,6/5/09,155.0,fiction
Girls of Riyadh,Rajaa Alsanea,2011,0.0,7/5/07,502.0,international fiction
The Romanov Bride,Robert Alexander,2011,0.0,4/17/08,336.0,historical fiction
The Awakening (and other stories),Kate Chopin,2011,1.0,8/14/08,481.0,classics
Mrs. Dalloway,Virginia Woolf,2011,0.0,10/19/17,177.0,classics
In The Time of the Butterflies,Julia Alvarez,2011,1.0,1/12/10,353.0,classics
East of Eden,John Steinbeck,2011,2.0,1988,640.0,classics
The Inferno,Dante,2011,0.0,1833,482.0,classics
The Incantation of Frida K.,Kate Braverman,2011,0.0,1/4/11,256.0,historical fiction
The Odyssey,Homer,2011,0.0,1845,546.0,classics
Twilight,Stephenie Meyer,2011,0.0,10/27/09,2242.0,fantasy
New Moon,Stephenie Meyer,2011,0.0,10/1/10,497.0,fantasy
Eclipse,Stephenie Meyer,2011,0.0,8/7/07,478.0,fantasy
Breaking Dawn,Stephenie Meyer,2011,0.0,8/2/08,596.0,fantasy
Wuthering Heights,Emily Bronte,2011,0.0,2003-03,418.0,classics
The Lost Symbol,Dan Brown,2011,0.0,5/1/12,626.0,mystery
The Bookseller of Kabul,Asne Seierstad,2011,0.0,10/26/04,334.0,international fiction
The Brothers Karamazov,Fyodor Dostovesky,2011,2.0,6/14/02,826.0,classics
No Longer at Ease,Chinua Achebe,2011,0.0,1987,164.0,classics
Wisdom of the Desert,Thomas Merton,2011,0.0,1/17/70,100.0,nonfiction
Freakonomics,Steven Levitt and Stephen Dubner,2011,0.0,2/17/10,354.0,nonfiction
Alone of All Her Sex: The Myth and the Cult of the Virgin Mary,Marina Warner,2011,0.0,3/12/83,488.0,nonfiction
The Da Vinci Code,Dan Brown,2011,0.0,3/28/06,498.0,mystery
The House at Sugar Beach,Helene Cooper,2011,0.0,9/2/08,384.0,memoir
Crime and Punishment,Fyodor Dostovesky,2011,1.0,8/8/12,591.0,classics
The New York Regional Mormon Singles Halloween Dance,Elna Baker,2011,0.0,10/15/09,239.0,memoir
Right of Thirst,Frank Huyler,2011,0.0,4/10/09,398.0,fiction
Fear and Loathing in Las Vegas,Hunter S. Thompson,2011,0.0,9/29/10,225.0,fiction
The Nature of the Gods,Cicero,2011,0.0,10/28/04,342.0,classics
Mental Floss History of the World,Eric Sass and Steve Wiegand,2011,0.0,,,nonfiction
"The Bottom Billion (Why the Poorest Countries are Failing, and What can be Done",Paul Collier,2011,0.0,,,nonfiction
A History of Argentina in the Twentieth Century,Luis Alberto Romero,2011,0.0,6/26/15,584.0,nonfiction
Universal Human Rights,Jack Donnelly,2011,0.0,2003,308.0,nonfiction
Social Movements,Donnatella Della Porta,2011,0.0,,,nonfiction
Social Movements and State Power,James Petras,2011,0.0,7/20/05,292.0,nonfiction
The Poisonwood Bible,Barbara Kingsolver,2011,0.0,10/13/09,578.0,international fiction
The Blue Sweater,Jacqueline Novogratz,2011,0.0,2/16/10,274.0,nonfiction
Remains of the Day,Kazuo Ishiguro,2011,0.0,7/15/10,258.0,speculative fiction
Swallows of Kabul,Yasmina Khadra,2011,0.0,4/12/05,210.0,international fiction
"Dirty Secrets, Dirty War",David Cox,2011,0.0,2008,240.0,nonfiction
Hunger Games,Suzanne Collins,2011,0.0,9/1/09,387.0,fantasy
The Literary Society of Unsinkable Girls,Julie Schumacher,2011,0.0,5/14/13,241.0,fiction
The Girl With the Dragon Tattoo,Stieg Larsson,2011,0.0,6/23/09,601.0,mystery
The Girl Who Played with Fire,Stieg Larsson,2011,0.0,7/28/09,513.0,mystery
The Girl Who Kicked the Hornet’s Nest,Stieg Larsson,2011,0.0,10/1/14,860.0,mystery
Blink,Malcolm Gladwell,2011,0.0,4/3/07,320.0,nonfiction
Naked Economics,Charles Wheelan,2011,1.0,1/1/19,384.0,nonfiction
Travels with Charley,John Steinbeck,2011,0.0,1/31/80,288.0,classics
Everything You Know about Love and Sex is Wrong,Pepper Schwartz,2011,0.0,10/1/01,289.0,nonfiction
Long Way Gone,Ishmael Beah,2011,1.0,2/13/07,238.0,memoir
Island,Aldous Huxley,2011,1.0,8/1/22,313.0,classics
The Princess Bride,William Goldman,2011,0.0,2007,396.0,fantasy
An Arsonist’s Guide to Writers’ Homes in New England,Brock Clarke,2011,0.0,9/2/08,317.0,fiction
Drop City,T.C. Boyle,2011,1.0,7/1/11,465.0,historical fiction
Half the Sky,Nicholas Kristof and Sheryl Wudunn,2011,2.0,6/1/10,322.0,nonfiction
Dancing in the Glory of Monsters: The Collapse of the Congo and the Great War of,Unknown Author,2011,0.0,,,nonfiction
Africa,Jason K. Stearns,2011,0.0,3/27/12,412.0,nonfiction
Black Box,Julie Schumacher,2011,0.0,8/26/08,178.0,YA
Mother Teresa: Come be My Light,Brian Kolodiejchuk,2011,0.0,9/4/07,418.0,nonfiction
Water for Elephants,Sara Gruen,2011,0.0,5/1/07,370.0,historical fiction
Mountains Beyond Mountains,Tracy Kidder,2011,1.0,1/13/11,288.0,nonfiction
Chosen: The Lost Diaries of Queen Esther,Ginger Garrett,2011,0.0,2005,0.0,historical fiction
To See the Mountain (and other stories),Caine Prize for African Writing 2011,2011,0.0,3/26/20,0.0,short stories
The Evolution of International Human Rights,Paul Gordon Lauren,2011,0.0,2003,418.0,nonfiction
Inventing Human Rights,Lynn Hunt,2011,0.0,2007,284.0,nonfiction
Johnny Got His Gun,Dalton Trumbo,2011,0.0,11/15/13,288.0,literary fiction
Advocating Dignity,Jean Quataert,2011,0.0,11/29/11,384.0,nonfiction
The Last Utopia,Samuel Moyn,2011,0.0,1/15/11,346.0,nonfiction
Dead Until Dark,Charlaine Harris,2011,0.0,5/1/01,306.0,fantasy
Living Dead in Dallas,Charlaine Harris,2011,0.0,2010,322.0,fantasy
Club Dead,Charlaine Harris,2011,0.0,4/29/03,305.0,fantasy
Debating Human Rights in China,Marina Svensson,2011,0.0,5/14/02,402.0,nonfiction
The Ballad of Abu Ghraib,Philip Gourevitch,2011,0.0,4/28/09,0.0,nonfiction
Worlds of Women,Leila Rupp,2011,0.0,12/8/20,340.0,nonfiction
Women’s Human Rights,Niamh Reilly,2011,0.0,4/23/13,214.0,nonfiction
Dead to the World,Charlaine Harris,2011,0.0,5/3/05,321.0,fantasy
Dead as a Doornail,Charlaine Harris,2011,0.0,4/25/06,321.0,fantasy
Being There,Sarah Davis and Melvin Konner,2011,0.0,5/14/24,432.0,nonfiction
Definitely Dead,Charlaine Harris,2011,0.0,2006,348.0,fantasy
The Road of Lost Innocence,Somaly Mam,2011,1.0,2009,219.0,nonfiction
A Mountain of Crumbs,Elena Gorokhova,2011,1.0,1/12/10,330.0,memoir
All Together Dead,Charlaine Harris,2011,0.0,6/18/14,338.0,fantasy
From Dead to Worse,Charlaine Harris,2011,0.0,5/6/08,246.0,fantasy
Dead and Gone,Charlaine Harris,2011,0.0,4/6/10,322.0,fantasy
Even Silence Has An End,Ingrid Betancourt,2011,0.0,9/21/10,544.0,nonfiction
A Passage to India,E.M. Forster,2012,1.0,12/29/22,276.0,classics
The Thing Around Your Neck,Chimamanda Ngozi Adichie,2012,0.0,6/1/10,11.0,classics
What is the What,Dave Eggers,2012,1.0,2/24/09,563.0,literary fiction
Eaarth,Bill McKibben,2012,2.0,4/12/11,277.0,nonfiction
Lies My Teacher Told Me,James Loewen,2012,0.0,1996,388.0,nonfiction
Arresting God in Kathmandu,Samrat Upadyay,2012,0.0,9/23/14,207.0,fiction
The Ones Who Walk Away from Omelas,Ursula Le Guin,2012,1.0,2/14/17,23.0,speculative fiction
Dead in the Family,Charlaine Harris,2012,0.0,3/29/11,370.0,fantasy
Dead Reckoning,Charlaine Harris,2012,0.0,11/6/12,369.0,fantasy
African Women Writing Resistance,"Jennifer Browdy de Hernandez, Pauline",2012,1.0,,,nonfiction
"Dongala, Omotayo Jolaosho, Anne Serafin (editors)",Unknown Author,2012,0.0,,,other
State Failure and State Weakness in a Time of Terror,Robert Rotberg (editor),2012,0.0,2003-01,354.0,nonfiction
When States Fail,Robert Rotberg (editor),2012,0.0,2004,335.0,nonfiction
The Black Nile,Dan Morrison,2012,0.0,7/26/11,338.0,nonfiction
A Paradise Built in Hell,Rebecca Solnit,2012,0.0,8/31/10,369.0,nonfiction
Blood Oath,Christopher Farnsworth,2012,0.0,5/18/10,496.0,thriller
Consuming the Congo,Peter Eichstaedt,2012,0.0,2011-07,260.0,nonfiction
One Day I Will Write About This Place,Binyavanga Wainaina,2012,0.0,7/19/11,276.0,nonfiction
Sex Trafficking: Inside the Business of Modern Slavery,Siddharth Kara,2012,1.0,2009,322.0,nonfiction
Heat,George Monbiot,2012,1.0,3/19/09,298.0,nonfiction
Acts of Faith,Eboo Patel,2012,1.0,9/15/20,218.0,nonfiction
Catch 22,Joseph Heller,2012,1.0,10/5/99,424.0,classics
The Politics of Genocide,Edward Herman and David Peterson,2012,1.0,2010-04,177.0,nonfiction
Annihilation of Caste,Dr. Ambedkar,2012,0.0,11/16/22,140.0,nonfiction
Where We Stand: Class Matters,bell hooks,2012,1.0,10/2/12,173.0,nonfiction
Pedagogy of the Oppressed,Paulo Freire,2012,0.0,8/18/14,189.0,nonfiction
Regarding the Pain of Others,Susan Sontag,2012,0.0,10/1/13,146.0,nonfiction
Maximum City,Suketu Mehta,2012,0.0,10/21/09,562.0,international fiction
Addicted to War: Why the US Can’t Kick Militarism,Joel Andreas,2012,1.0,3/26/24,90.0,nonfiction
"Days of Destruction, Days of Revolt",Chris Hedges and Joe Sacco,2012,1.0,4/8/14,326.0,nonfiction
Contesting the Future of Nuclear Energy,Benjamin Sovacool,2012,0.0,5/5/11,308.0,nonfiction
Come September,Arundhati Roy,2012,1.0,10/1/09,235.0,nonfiction
Deschooling Society,Ivan Illich,2012,0.0,1983,198.0,nonfiction
American Insurgents: A Brief History of American Anti-Imperialism,Richard,2012,0.0,2012,298.0,nonfiction
Seymour,Unknown Author,2012,0.0,1/14/15,462.0,other
Zeitoun,Dave Eggers,2012,1.0,6/15/10,438.0,literary fiction
Long Walk to Freedom,Nelson Mandela,2012,0.0,3/11/08,598.0,nonfiction
Khayelitsha,Steven Otter,2012,0.0,9/21/12,273.0,nonfiction
Mobilizing Social Justice in South Africa,Jeff Handmaker and Remko Berkhout,2012,0.0,,,nonfiction
"Tradition, Modernity, and Counterculture",Sebastian Kappen,2012,0.0,2020,,nonfiction
The Communist Manifesto,Marx and Engels,2012,0.0,11/15/21,59.0,nonfiction
Teaching to Transgress,bell hooks,2012,0.0,3/18/14,225.0,nonfiction
John Gaventa,Unknown Author,2012,0.0,,,nonfiction
"South African Journal on Human Rights: Women, Land, and Work","Vol 25, Part 3",2012,0.0,,,nonfiction
The Souls of Black Folk,W.E.B. DuBois,2012,1.0,10/9/08,260.0,classics
The Yellow Wallpaper,Charlotte Perkins Gilman,2012,0.0,5/14/14,34.0,classics
I Write What I Like,Steve Biko,2012,1.0,1987,164.0,nonfiction
Conversations with My Sons and Daughters,Mamphela Ramphele,2012,0.0,10/1/12,239.0,nonfiction
Dark Lover,JR Ward,2012,0.0,9/6/05,456.0,fantasy
Lover Eternal,JR Ward,2012,0.0,2012,462.0,fantasy
Lover Awakened,JR Ward,2012,0.0,2013,482.0,fantasy
Lover Revealed,JR Ward,2012,0.0,2013,514.0,fantasy
Lover Unbound,JR Ward,2012,0.0,2013,557.0,fantasy
Hope in the Dark,Rebecca Solnit,2012,2.0,5/14/16,186.0,nonfiction
Lover Mine,JR Ward,2012,0.0,11/30/10,640.0,fantasy
Lover Unleashed,JR Ward,2012,0.0,3/29/11,466.0,fantasy
Lover Avenged,JR Ward,2012,0.0,4/28/09,970.0,fantasy
Lover Enshrined,JR Ward,2012,0.0,6/3/08,562.0,fantasy
Drift,Rachel Maddow,2012,0.0,3/5/13,290.0,nonfiction
Washington Rules,Andrew Bacevich,2012,1.0,8/3/10,304.0,nonfiction
Interpreter of Maladies,Jhumpa Lahiri,2013,0.0,1999,195.0,short stories
Soul of a Citizen,Paul Rogat Loeb,2013,1.0,3/30/10,398.0,nonfiction
Half Broke Horses,Jeannette Walls,2013,0.0,10/6/09,304.0,memoir
Congo,Michael Crichton,2013,0.0,5/14/12,335.0,thriller
The New Jim Crow,Michelle Alexander,2013,1.0,2012,338.0,nonfiction
The Magicians,Lev Grossman,2013,1.0,5/25/10,433.0,fantasy
The Magician King,Lev Grossman,2013,0.0,5/29/12,433.0,fantasy
The Price of Inequality,Joseph Stiglitz,2013,0.0,2012,422.0,nonfiction
Indignez-vous! (Time for Outrage!),Stephane Hessel,2013,0.0,12/12/11,111.0,nonfiction
Dreaming in Public: Building the Occupy Movement,Amy and Daniel Lang (eds.),2013,1.0,6/12/12,321.0,nonfiction
The God of Small Things,Arundati Roy,2013,0.0,2007,94.0,literary fiction
Standing up to the Madness,Amy and David Goodman,2013,0.0,5/1/08,286.0,nonfiction
Next,Michael Crichton,2013,0.0,7/26/11,730.0,sci fi
Stuffed and Starved,Raj Patel,2013,1.0,6/5/12,434.0,nonfiction
Little Bee,Chris Cleave,2013,0.0,2009,271.0,literary fiction
The Cure for Capitalism,Richard Wolff,2013,0.0,10/2/12,221.0,nonfiction
Civil Disobedience,Henry David Thoreau,2013,1.0,5/20/93,99.0,nonfiction
Bossypants,Tina Fey,2013,0.0,4/5/11,254.0,memoir
"Doing Time for Peace: Resistance, Family, and Community",Rosalie Riegle,2013,0.0,1/1/13,398.0,nonfiction
The Shock Doctrine: The Rise of Disaster Capitalism,Naomi Klein,2013,2.0,4/1/10,721.0,nonfiction
The Little Book of Restorative Justice,Howard Zehr,2013,0.0,1/27/15,112.0,nonfiction
The White Revolutionary as A Missionary,Heinrich Bohmke (New Frank Talk),2013,0.0,,,nonfiction
A People’s History,Howard Zinn,2013,2.0,11/17/15,645.0,nonfiction
Bad Monkey,Carl Hiaasen,2013,0.0,6/11/13,337.0,thriller
Inferno,Dan Brown,2013,0.0,9/30/16,11.0,mystery
Prophets of War: Lockheed Martin and the Making of the Military Industrial,Unknown Author,2013,0.0,,,nonfiction
Complex,William Hartung,2013,0.0,2011,306.0,nonfiction
Dear Committee Members,Julie Schumacher,2013,0.0,6/23/15,194.0,fiction
God Bless You Doctor Kavorkian,Kurt Vonnegut,2013,0.0,1/4/11,46.0,speculative fiction
Fun Home,Alison Bechtel,2013,0.0,2006,244.0,memoir
A Wizard of Earthsea,Ursula LeGuin,2013,0.0,1968,196.0,fantasy
Of Mice and Men,John Steinbeck,2013,0.0,1/8/02,113.0,classics
The Humans,Matt Haig,2013,1.0,8/12/14,320.0,sci fi
The Idiot,Fyodor Dostoyevsky,2013,0.0,1998,692.0,classics
The Last Next Time,Paul Cody,2013,0.0,7/15/13,254.0,memoir
Jonathan Haidt,Unknown Author,2013,0.0,,,nonfiction
The Omnivore’s Dilemma,Michael Pollen,2013,1.0,8/28/07,481.0,nonfiction
War is a Force that Gives Us Meaning,Chris Hedges,2013,0.0,4/8/14,156.0,nonfiction
The Jungle,Upton Sinclair,2013,1.0,1920,442.0,classics
Regulating the Poor,Francis Fox Piven and Richard Cloward,2013,0.0,4/14/23,253.0,nonfiction
Work,CrimethInc. Ex-workers’ Collective,2013,1.0,2011,0.0,nonfiction
Class War?,Benjamin Page and Lawrence Jacobs,2013,0.0,8/1/09,158.0,nonfiction
There is a Country: New fictionfrom the New Nation of South Sudan,edited by,2013,0.0,,,nonfiction
Nyuol Lueth Tong,Unknown Author,2013,0.0,,,other
Imagined Communities,Benedict Anderson,2013,0.0,11/17/06,266.0,nonfiction
Beacons: Stories for our Not So Distant Future,ed. Gregory Norminton,2013,0.0,,,nonfiction
A Friend of the Earth,TC Boyle,2013,2.0,8/1/11,379.0,speculative fiction
Alanna: The First Adventure,Tamora Pierce,2013,0.0,10/21/14,272.0,YA
Children Are Diamonds,Edward Hoagland,2014,0.0,6/1/13,211.0,international fiction
No Longer at Ease,Chinua Achebe,2014,0.0,4/25/13,144.0,international fiction
The Last True Story I’ll Ever Tell,John Crawford,2014,0.0,4/4/06,241.0,nonfiction
The Wall,Marlen Haushofer,2014,0.0,6/21/22,248.0,fiction
Tropic of Chaos,Christian Parenti,2014,1.0,6/28/11,305.0,nonfiction
The Faraway Nearby,Rebecca Solnit,2014,0.0,6/13/13,215.0,nonfiction
Chasing Chaos: My Decade in and out of Humanitarian Aid,Jessica Alexander,2014,0.0,10/15/13,401.0,nonfiction
How to Be a Woman,Caitlin Moran,2014,1.0,10/11/16,0.0,nonfiction
Contending Visions of the Middle East,Zachary Lockman,2014,0.0,2010,343.0,nonfiction
Colonial Effects,Joseph Massad,2014,0.0,2001,411.0,nonfiction
Barriers to Democracy,Amaney Jamal,2014,0.0,7/26/09,190.0,nonfiction
Mobilizing Islam,Carrie Rosefsky Wickham,2014,0.0,2002,325.0,nonfiction
Social Origins of the Iranian Revolution,Misagh Parsa,2014,0.0,1989,372.0,nonfiction
The Power and the People,Charles Tripp,2014,0.0,2/25/13,411.0,nonfiction
Ambiguities of Domination,Lisa Wedeen,2014,0.0,9/9/15,271.0,nonfiction
"The Last Refuge: Yemen, Al-Qaeda, and America’s War in Arabia",Gregory Johnsen,2014,0.0,11/26/12,369.0,nonfiction
Gang Leader for a Day: A Rogue Sociologist Takes to the Streets,Sudhir Venkatesh Deadlocked,2014,1.0,2008,326.0,nonfiction
Baking Cakes in Kigali,Gaile Parkin,2014,1.0,8/31/10,338.0,nonfiction
Childhood’s End,Arthur Clark,2014,0.0,1996,81.0,sci fi
Dead Ever After,Charlaine Harris,2014,0.0,11/4/14,354.0,fantasy
Oryx and Crake,Margaret Atwood,2014,0.0,7/27/10,420.0,speculative fiction
The Year of the Flood,Margaret Atwood,2014,1.0,2010,594.0,speculative fiction
MaddAddam,Margaret Atwood,2014,0.0,9/3/13,417.0,speculative fiction
Mitigated Futures,Tobias Buckell,2014,0.0,2/27/18,304.0,short stories
The Circle,Dave Eggers,2014,2.0,10/8/13,464.0,speculative fiction
Outlander,Diana Gabaldon,2014,1.0,10/26/04,1230.0,fantasy
Dragonfly in Amber,Diana Gabaldon,2014,0.0,12/17/10,976.0,fantasy
Voyager,Diana Gabaldon,2014,0.0,10/26/04,1227.0,fantasy
Feminism is for Everybody,bell hooks,2014,0.0,2000,138.0,nonfiction
Drums of Autumn,Diana Gabaldon,2014,0.0,10/26/04,1230.0,fantasy
The Fiery Cross,Diana Gabaldon,2014,0.0,12/17/10,1696.0,fantasy
Heart of Darkness,Joseph Conrad,2014,0.0,1/1/09,158.0,classics
Adam Hochschild,Unknown Author,2014,0.0,,,other
A Breath of Snow and Ashes,Diana Gabaldon,2014,0.0,12/17/10,992.0,fantasy
Ecotopia,Ernest Callenbach,2014,1.0,12/16/09,194.0,classics
The Dispossessed,Ursula Le Guin,2014,1.0,9/30/15,364.0,classics
Let’s Pretend this Never Happened,Jenny Lawson,2014,0.0,3/5/13,385.0,memoir
Men Explain Things to Me,Rebecca Solnit,2014,0.0,4/14/14,145.0,nonfiction
Station Eleven,Emily St. John Mandel,2014,2.0,9/9/14,357.0,speculative fiction
Neverwhere,Neil Gaiman,2015,0.0,3/17/09,381.0,fantasy
The Magician’s Land,Lev Grossman,2015,1.0,6/9/15,433.0,fantasy
Arctic Rising,Tobias Buckell,2015,0.0,2/28/12,304.0,sci fi
The Maze Runner,James Dashner,2015,0.0,10/6/09,386.0,fantasy
This Changes Everything: Capitalism vs the Climate,Naomi Klein,2015,1.0,8/4/15,576.0,nonfiction
The Scorch Trials,James Dashner,2015,0.0,2015,394.0,fantasy
The Death Cure,James Dashner,2015,0.0,2017,378.0,fantasy
Red Rising,Pierce Brown,2015,0.0,10/25/17,31.0,sci fi
Journalism,Joe Sacco,2015,0.0,6/19/12,217.0,nonfiction
The Lost City of Z,David Grann,2015,0.0,2/24/09,370.0,historical fiction
Everything is Illuminated,Jonathan Safran Foer,2015,0.0,8/23/05,290.0,fiction
The Buried Giant,Kazuo Ishiguro,2015,0.0,3/3/15,283.0,fantasy
Golden Son,Pierce Brown,2015,0.0,1/6/15,508.0,sci fi
A Game of Thrones,George RR Martin,2015,0.0,1/1/03,835.0,fantasy
A Clash of Kings,George RR Martin,2015,0.0,5/28/02,785.0,fantasy
A Storm of Swords,George RR Martin,2015,0.0,5/28/02,1009.0,fantasy
Mighty Be Our Powers,Leymah Gbowee,2015,0.0,9/13/11,238.0,nonfiction
A Feast of Crows,George RR Martin,2015,0.0,10/30/07,785.0,fantasy
Seveneves,Neal Stephenson,2015,0.0,2015-04,900.0,sci fi
A Dance of Dragons,George RR Martin,2015,0.0,2011,1016.0,fantasy
A Man Called Ove,Fredrik Backman,2016,1.0,11/29/22,368.0,fiction
Ender’s Game,Orson Scott Card,2016,0.0,10/17/17,448.0,sci fi
Ready Player One,Ernest Cline,2016,0.0,3/19/26,0.0,fantasy
On Such a Full Sea,Chang-Rae Lee,2016,0.0,12/2/14,434.0,speculative fiction
"Gold, Fame, Citrus",Claire Vaye Watkins,2016,1.0,10/4/16,354.0,speculative fiction
The Little Prince,Antoine de Saint-Exupery,2016,0.0,11/11/17,290.0,classics
When a Crocodile Eats the Sun: A Memoir of Africa,Peter Godwin,2016,0.0,4/10/08,269.0,memoir
Hyperion,Dan Simmons,2016,1.0,5/26/89,492.0,sci fi
The Fall of Hyperion,Dan Simmons,2016,1.0,2/2/11,786.0,sci fi
Endymion,Dan Simmons,2016,0.0,1/5/11,577.0,sci fi
The Rise of Endymion,Dan Simmons,2016,1.0,1/12/11,1066.0,sci fi
Einstein’s Dreams,Alan Lightman,2016,0.0,1993,180.0,fiction
Morning Star,Pierce Brown,2016,0.0,2/9/16,545.0,sci fi
The Lathe of Heaven,Ursula LeGuin,2016,0.0,7/19/22,208.0,sci fi
Rendezvous with Rama,Arthur C Clarke,2016,0.0,11/30/12,267.0,sci fi
The Word for World is Forest,Ursula LeGuin,2016,0.0,7/6/10,190.0,sci fi
A Pebble in the Sky,Isaac Asimov,2016,0.0,9/1/20,256.0,sci fi
The Collapse of Western Civilization,Naomi Oreskes,2016,0.0,7/1/14,106.0,nonfiction
Wool,Hugh Howey,2016,1.0,3/12/13,507.0,sci fi
The Three Stigmata of Palmer Eldritch,Philip K Dick,2016,0.0,1998-05,204.0,sci fi
A Walk in the Woods,Bill Bryson,2016,0.0,5/15/12,322.0,nonfiction
Stories of Your Life and Others,Ted Chiang,2016,0.0,6/14/16,306.0,short stories
White Noise,Don DeLillo,2016,0.0,10/18/16,322.0,speculative fiction
Between the World and Me,Ta-Nehisi Coates,2016,1.0,7/14/15,163.0,nonfiction
Bad Feminist,Roxanne Gay,2016,0.0,2018,391.0,nonfiction
The Library at Mount Char,Scott Hawkins,2016,1.0,3/15/16,402.0,fantasy
Key of Light,Nora Roberts,2016,0.0,8/4/15,371.0,fantasy
Key of Knowledge,Nora Roberts,2016,0.0,11/25/03,358.0,fantasy
Key of Valor,Nora Roberts,2016,0.0,12/8/15,354.0,fantasy
Resisting Rights: Vigilantism and the Contradictions of Democratic State Formation,Unknown Author,2016,0.0,,,nonfiction
in Post-Apartheid South Africa,Nick Smith,2016,0.0,,,nonfiction
"Carry on, Warrior: The Power of Embracing Your Messy, Beautiful Life",Glennon,2016,0.0,4/8/14,320.0,nonfiction
Doyle Melton,Unknown Author,2016,0.0,,,nonfiction
Millennium People,J.G. Ballard,2016,0.0,7/18/11,289.0,speculative fiction
Last Day on Mars,Kevin Emerson,2016,0.0,2/14/17,352.0,sci fi
The Night Circus,Erin Morgenstern,2016,1.0,2011,401.0,fantasy
Fahrenheit 451,Ray Bradbury,2016,0.0,9/23/03,217.0,speculative fiction
The Mermaid’s Sister,Carrie Anne Noble,2016,0.0,2015,0.0,YA
The Thinking Woman’s Guide to Real Magic,Emily Croy Baker,2017,0.0,2013,563.0,fantasy
Codex,Lev Grossman,2017,0.0,2004,452.0,fantasy
The Paper Magician,Charlie Holmberg,2017,0.0,2014,0.0,fantasy
The Queen of the Tearling,Erika Johansen,2017,0.0,3/1/16,539.0,fantasy
The Invasion of the Tearling,Erika Johansen,2017,0.0,8/31/16,593.0,fantasy
The Fate of the Tearling,Erika Johansen,2017,0.0,1/18/18,558.0,fantasy
The Girls’ Guide to Hunting and Fishing,Melissa Bank,2017,0.0,5/26/05,218.0,fiction
The Glass Magician,Charlie Holmberg,2017,0.0,2014,0.0,fantasy
The Master Magician,Charlie Holmberg,2017,0.0,2015,0.0,fantasy
The Invisible Library,Genevieve Cogman,2017,0.0,6/14/16,354.0,fantasy
Parable of the Sower,Octavia Butler,2017,1.0,1995,308.0,speculative fiction
The Masked City,Genevieve Cogman,2017,0.0,9/6/16,386.0,fantasy
My Life and Hard Times,James Thurber,2017,0.0,8/16/22,84.0,nonfiction
The Burning Page,Genevieve Cogman,2017,0.0,1/10/17,370.0,fantasy
Inkheart,Cornelia Funke,2017,0.0,10/1/11,555.0,fantasy
Northanger Abbey,Jane Austen,2017,0.0,11/1/00,192.0,classics
The Windup Girl,Paolo Bacigalupi,2017,1.0,9/1/09,443.0,sci fi
Alanna: The First Adventure,Tamora Pierce,2017,0.0,10/21/14,272.0,YA
In the Hand of the Godddess,Tamora Pierce,2017,0.0,1984,0.0,YA
The Woman Who Rides like a Man,Tamora Pierce,2017,0.0,10/21/14,288.0,YA
Lioness Rampant,Tamora Pierce,2017,0.0,10/21/14,384.0,YA
First Test,Tamora Pierce,2017,0.0,12/18/07,241.0,YA
Page,Tamora Pierce,2017,0.0,2000,,YA
Wild Magic,Tamora Pierce,2017,0.0,9/29/15,368.0,YA
Wolf Speaker,Tamora Pierce,2017,0.0,9/29/15,336.0,YA
Emperor Mage,Tamora Pierce,2017,0.0,9/29/15,352.0,YA
True Grit,Charles Portis,2017,0.0,1/14/11,219.0,historical fiction
The Prophet,Kahlil Gibran,2017,0.0,5/17/11,130.0,poetry
Living Beautifully,Pema Chodron,2017,0.0,2019,161.0,nonfiction
Furiously Happy,Jenny Lawson,2017,0.0,9/22/15,352.0,memoir
The Realms of the Gods,Tamora Pierce,2017,0.0,9/29/15,336.0,YA
Born a Crime,Trevor Noah,2017,0.0,11/15/16,279.0,memoir
A Wind in the Door,Madeleine L’Engle,2017,0.0,2007-05,257.0,YA
The Mindful Way Through Depression,"Mark Williams, John Teasdale, Zindel Segal,",2017,0.0,2/8/12,289.0,nonfiction
Here I Am,Jonathan Safran Foer,2017,0.0,9/6/16,572.0,fiction
The Water Knife,Paolo Bacigalupi,2017,0.0,2015,386.0,sci fi
Eyes Remade for Wonder,Lawrence Kushner,2017,0.0,1998,266.0,nonfiction
In a Sunburned Country,Bill Bryson,2017,0.0,5/15/12,378.0,nonfiction
Life without Ed,Jenni Schaefer,2017,0.0,1/31/14,257.0,nonfiction
The Gifts of Imperfection,Brene Brown,2017,0.0,4/1/14,187.0,nonfiction
The Secret Chord,Geraldine Brooks,2017,0.0,2015,318.0,historical fiction
Cain,Jose Saramago,2017,0.0,2009,0.0,historical fiction
The Mindful Path to Self-Compassion,Christopher Germer,2017,0.0,4/29/09,321.0,nonfiction
Dress Your Family in Corduroy and Denim,David Sedaris,2017,0.0,2004,257.0,memoir
Dragonsdawn,Anne McCaffrey,2017,0.0,2/26/02,567.0,fantasy
The Magician’s Guild,Trudi Canavan,2017,0.0,2001,13.0,fantasy
Living a Life That Matters,Harold Kushner,2017,0.0,12/16/03,178.0,nonfiction
Stitches,Anne Lamott,2017,0.0,10/29/13,111.0,nonfiction
Me Talk Pretty One Day,David Sedaris,2017,0.0,5/4/09,220.0,memoir
The Happiness Project,Gretchen Rubin,2017,0.0,12/29/15,303.0,nonfiction
Skink: No Surrender,Carl Hiaasen,2017,0.0,12/1/15,305.0,thriller
Eugenia Lincoln and the Unexpected Package,Kate DiCamillo,2017,0.0,10/10/17,109.0,YA
Gilded Cage,Vic James,2017,0.0,2/14/17,368.0,fantasy
Everyday Holiness: The Jewish Spiritual Path of Mussar,Alan Morinis,2017,0.0,12/2/08,349.0,nonfiction
Modern Romance,Aziz Ansari,2018,0.0,6/14/16,290.0,memoir
The Elephant’s Journey,Jose Saramago,2018,0.0,1/26/16,0.0,historical fiction
Homegoing,Yaa Gyasi,2018,0.0,6/7/16,320.0,international fiction
Red Mars,Kim Stanley Robinson,2018,1.0,5/27/03,629.0,sci fi
The Happiness Hypothesis,Jonathan Haidt,2018,0.0,12/26/06,322.0,nonfiction
Children of Time,Adrian Tchaikovsky,2018,0.0,1/31/23,0.0,sci fi
The Road to Little Dribbling,Bill Bryson,2018,0.0,1/19/16,370.0,nonfiction
2312,Kim Stanley Robinson,2018,0.0,2014,747.0,sci fi
Foundation,Isaac Asimov,2018,0.0,6/1/04,255.0,sci fi
Arcadia,Lauren Groff,2018,0.0,3/13/12,278.0,literary fiction
The Power,Naomi Alderman,2018,1.0,10/10/17,409.0,speculative fiction
Sarah: Women of Genesis,Orson Scott Card,2018,0.0,3/20/18,382.0,historical fiction
The Book of Joan,Lidia Yuknavitch,2018,0.0,4/18/17,227.0,speculative fiction
The Shakespeare Requirement,Julie Schumacher,2018,0.0,7/30/19,322.0,fiction
Best State Ever,Dave Barry,2018,0.0,9/5/17,242.0,nonfiction
Red Queen,Victoria Aveyard,2018,0.0,2/10/15,354.0,YA
East of Eden,John Steinbeck,2018,0.0,6/24/03,609.0,classics
Rebel of the Sands,Alwyn Hamilton,2018,0.0,2/14/17,338.0,fantasy
The Cabinet of Earths,Anne Nesbet,2018,0.0,1/3/12,146.0,fantasy
Caraval,Stephanie Garber,2018,0.0,1/31/17,416.0,fantasy
Self-Compassion,Kristen Neff,2018,0.0,5/20/20,146.0,nonfiction
Priest Daddy,Patricia Lockwood,2018,0.0,5/1/18,353.0,nonfiction
Housebroken,Laurie Notaro,2018,0.0,7/12/16,289.0,nonfiction
The Martian Chronicles,Ray Bradbury,2018,0.0,4/17/12,260.0,sci fi
The Assassination of Brangwain Spurge,MT Anderson and Eugene Yelchin,2018,0.0,,539.0,fantasy
Brain Lock,Jeffrey Schwartz,2018,0.0,12/6/16,224.0,nonfiction
The Cactus,Sarah Haywood,2018,0.0,5/1/18,384.0,fiction
Seeing G-d,Rabbi David Aaron,2018,1.0,7/12/05,207.0,nonfiction
The Upward Spiral,Alex Korb,2018,1.0,3/1/15,232.0,nonfiction
The Alchemist,Paulo Coelho,2019,0.0,11/1/05,207.0,classics
Recovery: Freedom from our Addictions,Russell Brand,2019,0.0,9/21/17,280.0,nonfiction
Mr. Penumbra’s 24 Hour Bookstore,Robin Sloan,2019,0.0,10/2/12,306.0,fantasy
This is Really Happening,Erin Chack,2019,0.0,4/25/17,242.0,memoir
The Queen’s Fool,Philippa Gregory,2019,0.0,11/9/04,520.0,fantasy
Euphoria,Lily King,2019,0.0,6/3/14,209.0,literary fiction
Bread Givers,Anzia Yezierska,2019,0.0,5/2/23,241.0,fiction
The Collapsing Empire,John Scalzi,2019,0.0,3/21/17,334.0,sci fi
Finding God: Selected Responses,Rifat Sonsino and Daniel Syme,2019,0.0,2002,0.0,nonfiction
When Bad Things Happen to Good People,Harold Kushner,2019,0.0,12/18/07,224.0,nonfiction
Every Day is for the Thief,Teju Cole,2019,0.0,3/3/15,193.0,literary fiction
Shrill,Lindy West,2019,0.0,2/28/17,288.0,memoir
Purple Hibiscus,Chimamanda Ngozi Adichie,2019,0.0,4/17/12,321.0,literary fiction
Akata Witch,Nnedi Okorafor,2019,0.0,4/14/11,207.0,fantasy
Akata Warrior,Nnedi Okorafor,2019,0.0,10/16/18,514.0,fantasy
Giants in the Earth,O E Rolvaag,2019,0.0,7/21/22,497.0,classics
Educated,Tara Westover,2019,0.0,2/20/18,352.0,memoir
Emily Eternal,M G Wheaton,2019,0.0,4/23/19,267.0,sci fi
Do You Dream of Terra-Two?,Temi Oh,2019,0.0,2/20/20,529.0,sci fi
Aurora,Kim Stanley Robinson,2019,0.0,7/7/15,448.0,sci fi
Exhalation,Ted Chiang,2020,0.0,5/7/19,311.0,sci fi
The Accidental Empress,Allison Pataki,2020,0.0,10/13/15,512.0,historical fiction
The Rise and Fall of D.O.D.O.,Neal Stephenson and Nicole Galland,2020,0.0,6/13/17,768.0,fantasy
The Wall,John Lanchester,2020,0.0,3/5/19,288.0,speculative fiction
American Dirt,Jeanine Cummins,2020,1.0,1/21/20,400.0,fiction
The Secret Chord,Geraldine Brooks,2020,0.0,2015,318.0,historical fiction
The Proposal,Jasmine Guillory,2020,0.0,12/31/19,354.0,fiction
Scribe,Alyson Hagy,2020,0.0,10/2/18,176.0,thriller
Pump Six,Paolo Bacigalupi,2020,0.0,2/1/08,399.0,sci fi
Sharks in the Time of Saviors,Kawai Strong Washburn,2020,0.0,3/3/20,316.0,nonfiction
The Consuming Fire,John Scalzi,2020,0.0,10/16/18,239.0,sci fi
The Testaments,Margaret Atwood,2020,1.0,9/10/19,413.0,speculative fiction
Children of Blood and Bone,Tomi Adeyemi,2020,0.0,3/6/18,543.0,fantasy
A Discovery of Witches,Deborah Harkness,2020,0.0,1/8/19,594.0,fantasy
One Hundred Years of Solitude,Gabriel Garcia Marquez,2020,0.0,10/11/22,344.0,classics
Crudo,Olivia Laing,2020,0.0,9/11/18,71.0,literary fiction
Time Zero,Carolyn Cohagan,2020,0.0,5/16/16,371.0,YA
Time Next,Carolyn Cohagan,2020,0.0,3/15/18,374.0,YA
Time’s Up,Carolyn Cohagan,2020,0.0,12/11/19,410.0,YA
A Court of Thorns and Roses,Sarah J Maas,2020,0.0,5/5/15,451.0,fantasy
A Court of Mist and Fury,Sarah J Maas,2020,0.0,5/2/17,661.0,fantasy
In the Heart of the Canyon,Elizabeth Hyde,2020,0.0,1989-03,,fiction
A Court of Wings and Ruin,Sarah J Maas,2020,0.0,2018-05,739.0,fantasy
A Court of Frost and Starlight,Sarah J Maas,2020,0.0,5/1/18,274.0,fantasy
Throne of Glass,Sarah J Maas,2020,0.0,5/7/13,434.0,fantasy
Sea Wife,Amity Gaige,2020,0.0,4/28/20,289.0,fiction
Weather,Jenny Offill,2020,0.0,1/19/21,226.0,literary fiction
On Fire: The (Burning) Case for a Green New Deal,Naomi Klein,2020,0.0,9/1/20,336.0,nonfiction
Severance,Ling Ma,2020,0.0,8/14/18,305.0,literary fiction
The Last Emperox,John Scalzi,2020,0.0,4/14/20,205.0,sci fi
Gun Island,Amitav Ghosh,2020,0.0,9/10/19,316.0,historical fiction
Their Eyes Were Watching God,Zora Neale Hurston,2020,0.0,1937,207.0,classics
The Overstory,Richard Powers,2020,1.0,4/3/18,420.0,literary fiction
Locally Laid,Lucie B Amundsen,2020,0.0,2/28/17,337.0,nonfiction
The Genius Plague,David Walton,2020,0.0,10/3/17,400.0,sci fi
The Future Earth,Eric Holthaus,2020,0.0,6/30/20,226.0,nonfiction
Simply Voracious,Kate Pearce,2020,0.0,2012,361.0,historical fiction
Release Me,J. Kenner,2020,0.0,1/1/13,354.0,fiction
The Sixth Extinction,Elizabeth Kolbert,2020,1.0,2/11/14,336.0,nonfiction
1491: New Revelations of the Americas Before Columbus,Charles C. Mann,2020,1.0,10/10/06,578.0,nonfiction
The Ten Thousand Doors of January,Alix Harrow,2020,0.0,9/10/19,384.0,fantasy
The Grapes of Wrath,John Steinbeck,2020,0.0,3/28/06,532.0,classics
Yes Please,Amy Poehler,2020,0.0,10/28/14,272.0,memoir
Cloud Atlas,David Mitchell,2020,0.0,11/20/12,545.0,speculative fiction
Binti,Nnedi Okorafor,2020,0.0,9/22/15,96.0,fantasy
The Kiss Quotient,Helen Hoang,2020,0.0,4/27/21,338.0,fiction
Writers and Lovers,Lily King,2020,0.0,3/3/20,324.0,literary fiction
An Ember in the Ashes,Sabaa Tahir,2020,0.0,2020-09,482.0,fantasy
Kindred,Octavia Butler,2020,0.0,5/21/24,322.0,fantasy
A Torch Against the Night,Sabaa Tahir,2020,0.0,8/29/17,481.0,fantasy
Binti: Home,Nnedi Okorafor,2020,0.0,1/16/18,160.0,fantasy
Binti: The Night Masquerade,Nnedi Okorafor,2020,0.0,1/16/18,160.0,fantasy
A Reaper at the Gates,Sabaa Tahir,2020,0.0,9/1/20,497.0,fantasy
An Indigenous Peoples’ History of the United States,Roxanne Dunbar-Ortiz,2020,0.0,10/3/23,330.0,nonfiction
You Had Me at Hola,Alexis Daria,2020,0.0,8/4/20,336.0,fiction
A Sky Beyond the Storm,Sabaa Tahir,2020,0.0,12/7/21,545.0,fantasy
The Truth According to Us,Annie Barrows,2021,0.0,6/14/16,530.0,fiction
The Fifth Season,NK Jemisin,2021,1.0,8/4/15,483.0,sci fi
The City of Brass,SA Chakraborty,2021,0.0,11/14/17,598.0,fantasy
The Obelisk Gate,NK Jemisin,2021,0.0,8/16/16,346.0,sci fi
The Starless Sea,Erin Morgenstern,2021,0.0,11/5/19,526.0,fantasy
Graceling,Kristin Cashore,2021,0.0,2008,481.0,fantasy
Sapiens: A Brief History of Humankind,Yuval Noah Harari,2021,0.0,2/10/15,403.0,nonfiction
Prognosis: A Memoir of My Brain,Sarah Vallance,2021,0.0,2019,0.0,nonfiction
The Stone Sky,NK Jemisin,2021,0.0,8/15/17,464.0,sci fi
The Great Derangement,Amitav Ghosh,2021,0.0,9/14/16,205.0,nonfiction
Under A White Sky: The Nature of the Future,Elizabeth Kolbert,2021,0.0,4/5/22,273.0,nonfiction
"Here All Along : Finding Meaning, Spirituality, and Deeper Connection to Life in",Unknown Author,2021,0.0,,,nonfiction
Judaism,Sarah Hurwitz,2021,0.0,9/3/19,352.0,nonfiction
The Hundred Thousand Kingdoms,NK Jemisin,2021,0.0,2/25/10,256.0,sci fi
A Court of Silver Flames,Sarah J Maas,2021,0.0,2/16/21,789.0,fantasy
The Seven Husbands of Evelyn Hugo,Taylor Jenkins Reid,2021,0.0,6/13/17,400.0,fiction
"Invisible: How Young Women with Serious Health Issues Navigate Work,",Unknown Author,2021,0.0,,,nonfiction
"Relationships, and the Pressure to Seem Just Fine",Michele Lent Hirsch,2021,0.0,2/27/18,242.0,nonfiction
The Painted Drum,Louise Erdrich,2021,0.0,9/6/05,289.0,fiction
Flight Behavior,Barbara Kingsolver,2021,0.0,11/6/12,457.0,literary fiction
The Sun Collective,Charles Baxter,2021,0.0,10/5/21,337.0,speculative fiction
Drop the Rock,AA,2021,0.0,6/30/15,184.0,nonfiction
White Fragility,Robin Diangelo,2021,1.0,6/26/18,194.0,nonfiction
The Midnight Library,Matt Haig,2021,0.0,9/29/20,312.0,fantasy
We Should All be Feminists,Chimamanda Ngozi Adichie,2021,0.0,7/29/14,65.0,nonfiction
The Once and Future Witches,Alix Harrow,2021,0.0,10/13/20,528.0,fantasy
Care Work: Dreaming Disability Justice,Leah Lakshmi Piepzna-Samarisinha,2021,0.0,2018,0.0,nonfiction
The Deep,Rivers Solomon,2021,0.0,8/4/20,192.0,fantasy
Anna Karenina,Leo Tolstoy,2021,1.0,5/31/04,868.0,classics
Brave New World,Aldous Huxley,2021,0.0,7/3/20,,classics
The Invisible Life of Addie LaRue,VE Schwab,2021,0.0,10/6/20,484.0,fantasy
Circe,Madeline Miller,2021,0.0,12/23/22,409.0,fantasy
The Alice Network,Kate Quinn,2021,0.0,6/6/17,570.0,historical fiction
The New Climate War,Michael Mann,2021,0.0,1/12/21,272.0,nonfiction
"Thanks, Help, Wow",Anne Lamott,2021,0.0,11/13/12,114.0,nonfiction
Animal Dreams,Barbara Kingsolver,2021,1.0,10/13/09,372.0,literary fiction
Black Sun,Rebecca Roanhorse,2021,1.0,1/21/21,400.0,fantasy
Shadow and Bone,Leigh Bardugo,2021,0.0,11/17/15,1248.0,fantasy
Siege and Storm,Leigh Bardugo,2021,0.0,4/9/13,497.0,fantasy
The Body is Not an Apology,Sonya Renee Taylor,2021,0.0,2/9/21,176.0,nonfiction
Wait for God to Notice,Sari Fordham,2021,0.0,5/11/21,199.0,nonfiction
The Gilded Ones,Namina Forna,2021,0.0,1/11/22,433.0,fantasy
The Bean Trees,Barbara Kingsolver,2021,0.0,3/17/09,258.0,literary fiction
Interview with the Vampire,Anne Rice,2021,0.0,9/13/91,369.0,thriller
The Signature of All Things,Elizabeth Gilbert,2021,0.0,6/24/14,529.0,fiction
Hallelujah Anyway,Anne Lamott,2021,0.0,4/4/17,194.0,nonfiction
Hamnet,Maggie O’Farrell,2021,0.0,7/21/20,0.0,literary fiction
Black Elk Speaks,John Neihardt,2021,0.0,3/1/14,470.0,historical fiction
Parable of the Talents,Octavia Butler,2021,0.0,1998,374.0,speculative fiction
Americanah,Chimamanda Ngozi Adichie,2021,0.0,5/14/13,523.0,literary fiction
From Blood and Ash,Jennifer Armentrout,2021,0.0,3/30/20,343.0,fantasy
The Lost Apothecary,Sarah Penner,2021,0.0,3/2/21,341.0,fantasy
Broken,Jenny Lawson,2021,0.0,12/8/20,34.0,memoir
The Calculating Stars,Mary Robinette Kowal,2021,0.0,7/3/18,384.0,fiction
"To Be Taught, If Fortunate",Becky Chambers,2021,0.0,8/8/19,144.0,fantasy
An Unkindness of Ghosts,Rivers Solomon,2021,0.0,10/3/17,242.0,fantasy
How to Be an Antiracist,Ibram Kendi,2021,0.0,1/31/23,401.0,nonfiction
The Priory of the Orange Tree,Samantha Shannon,2021,1.0,2/26/19,849.0,fantasy
The Round House,Louise Erdrich,2021,0.0,10/2/12,368.0,literary fiction
The Ballad of Songbirds and Snakes,Suzanne Collins,2021,0.0,5/19/20,747.0,YA
Mistborn,Brandon Sanderson,2021,0.0,7/25/06,542.0,fantasy
Appleseed,Matt Bell,2021,0.0,7/13/21,459.0,fantasy
The Four Winds,Kristin Hannah,2021,0.0,2021-03,500.0,historical fiction
Winning the Green New Deal,Varshini Prakash,2021,1.0,8/25/20,384.0,nonfiction
Why We’re Polarized,Ezra Klein,2021,0.0,1/28/20,208.0,nonfiction
The Moor’s Account,Laila Lalami,2021,0.0,9/9/14,360.0,historical fiction
Sorcerer to the Crown,Zen Cho,2021,0.0,7/12/16,386.0,fantasy
Caste,Isabel Wilkerson,2021,1.0,2/14/23,545.0,nonfiction
The Hidden Life of Trees,Peter Wohlleben,2021,0.0,9/13/16,289.0,nonfiction
The New Wilderness,Diane Cook,2021,0.0,8/11/20,360.0,speculative fiction
Dune,Frank Herbert,2021,0.0,1988,72.0,sci fi
Tell Me How It Ends,Valeria Luiselli,2021,0.0,3/13/17,71.0,nonfiction
Goldilocks,Laura Lam,2021,0.0,2/16/21,384.0,speculative fiction
The Crown of Gilded Bones,Jennifer Armentrout,2021,0.0,4/20/21,395.0,fantasy
A Kingdom of Flesh and Fire,Jennifer Armentrout,2021,0.0,9/1/20,722.0,fantasy
Anxious People,Fredrik Backman,2022,0.0,7/6/21,352.0,fiction
The Ministry for the Future,Kim Stanley Robinson,2022,0.0,10/6/20,580.0,sci fi
The Space Between Worlds,Micaiah Johnson,2022,0.0,8/4/20,336.0,sci fi
Fable,Adrienne Young,2022,0.0,9/1/20,270.0,fantasy
Namesake,Adrienne Young,2022,0.0,3/16/21,341.0,fantasy
Ancillary Justice,Anne Leckie,2022,0.0,,,sci fi
She Who Became the Sun,Shelley Parker-Chan,2022,0.0,7/20/21,282.0,fantasy
Crescent City: House of Earth and Blood,Sarah J Maas,2022,0.0,10/1/20,821.0,fantasy
House of Sky and Breath,Sarah J Maas,2022,0.0,2/15/22,820.0,fantasy
Certain Dark Things,Silvia Moreno-Garcia,2022,0.0,10/25/16,334.0,thriller
Half a Yellow Sun,Chimamanda Ngozi Adichie,2022,0.0,10/29/10,562.0,literary fiction
The House in the Cerulean Sea,TJ Klune,2022,0.0,3/17/20,338.0,fiction
The Wheel of Time,Robert Jordan,2022,0.0,5/30/17,576.0,fantasy
Dune: Messiah,Frank Herbert,2022,0.0,7/7/20,306.0,sci fi
How Beautiful We Were,Imbolo Mbue,2022,0.0,2/1/22,385.0,international fiction
Sea of Tranquility,Emily St John Mandel,2022,0.0,4/5/22,214.0,speculative fiction
Fire on the Mountain,Terry Bisson,2022,0.0,2009,156.0,speculative fiction
The Actual Star,Monica Byrne,2022,1.0,9/14/21,624.0,speculative fiction
The Immortal Life of King Rao,Vauhini Vara,2022,1.0,5/3/22,277.0,speculative fiction
Exit West,Mohsin Hamid,2022,0.0,3/7/17,242.0,literary fiction
How to Blow Up a Pipeline,Andreas Malm,2022,1.0,1/5/21,209.0,nonfiction
All We Can Save,Edited by Ayana Johnson and Katharine Wilkinson,2022,0.0,,,nonfiction
The Republic of False Truths,Alaa Al Aswany,2022,0.0,7/19/22,417.0,international fiction
Klara and the Sun,Kazuo Ishiguro,2022,0.0,2021-03,307.0,speculative fiction
The Southern Book Club’s Guide to Slaying Vampires,Grady Hendrix,2022,0.0,4/7/20,408.0,thriller
Dawn (Lilith’s Brood),Octavia Butler,2022,0.0,1/20/22,0.0,sci fi
Adulthood Rites (Lilith’s Brood),Octavia Butler,2022,0.0,1988,277.0,sci fi
Imago (Lilith’s Brood),Octavia Butler,2022,0.0,7/24/12,893.0,sci fi
Fevered Star,Rebecca Roanhorse,2022,0.0,4/19/22,416.0,fantasy
Cloud Cuckoo Land,Anthony Doerr,2022,1.0,9/27/22,608.0,speculative fiction
Tenth of December,George Saunders,2022,0.0,1/8/13,208.0,short stories
A Life’s Work: On Becoming a Mother,Rachel Cusk,2022,1.0,2/17/15,226.0,memoir
"To Have and To Hold: Motherhood, Marriage & the Modern Dilemma",Molly Millwood,2022,0.0,3/26/19,288.0,nonfiction
Glory,Noviolet Bulawayo,2022,0.0,4/7/22,416.0,international fiction
Pride and Prejudice,Jane Austen,2022,0.0,1918,448.0,classics
Sense and Sensibility,Jane Austen,2022,0.0,1833,372.0,classics
My Antonia,Willa Cather,2022,0.0,1918,462.0,classics
Bel Canto,Ann Patchett,2022,0.0,11/16/10,434.0,literary fiction
The City We Became,NK Jemisin,2022,0.0,3/24/20,386.0,sci fi
Villette,Charlotte Bronte,2022,0.0,11/19/17,330.0,classics
The House of Mirth,Edith Wharton,2022,0.0,5/1/93,372.0,classics
True Grit,Charles Portis,2022,0.0,1/14/11,219.0,classics
The War of Two Queens,Jennifer Armentrout,2022,0.0,3/15/22,439.0,fantasy
A Visit from the Goon Squad,Jennifer Egan,2022,0.0,2010,402.0,literary fiction
Northanger Abbey,Jane Austen,2022,0.0,11/1/00,192.0,classics
State of Wonder,Ann Patchett,2022,0.0,4/26/12,363.0,fiction
Great Expectations,Charles Dickens,2023,0.0,1881,564.0,classics
The Candy House,Jennifer Egan,2023,0.0,4/5/22,368.0,literary fiction
The Dawn of Everything: A New History of Humanity,David Graeber & David,2023,0.0,11/9/21,384.0,nonfiction
Wengrow,Unknown Author,2023,0.0,,,nonfiction
Maybe You Should Talk to Someone,Lori Gottlieb,2023,0.0,2019,433.0,nonfiction
The English Experience,Julie Schumacher,2023,0.0,8/15/23,202.0,fiction
Babel,R F Kuang,2023,0.0,8/23/22,814.0,fantasy
Spinning Silver,Naomi Novik,2023,0.0,7/10/18,480.0,fantasy
Fuzz: When Nature Breaks the Law,Mary Roach,2023,0.0,9/14/21,243.0,nonfiction
Our Missing Hearts,Celeste Ng,2023,1.0,10/4/22,286.0,literary fiction
Demon Copperhead,Barbara Kingsolver,2023,0.0,4/16/24,0.0,literary fiction
NightBitch,Rachel Yoder,2023,1.0,7/20/21,218.0,literary fiction
The Atlas Six,Olivie Blake,2023,0.0,8/8/23,0.0,fantasy
Brotherless Night,V V Ganeshananthan,2023,0.0,1/30/24,385.0,international fiction
Crying in H Mart,Michelle Zauner,2023,0.0,3/28/23,257.0,memoir
The Marriage Portrait,Maggie O’Farrell,2023,0.0,9/6/22,396.0,historical fiction
Not Too Late,Rebecca Solnit and Thelma Young Lutunatabua,2023,0.0,5/13/25,0.0,nonfiction
Hello Beautiful,Ann Napolitano,2023,0.0,3/14/23,401.0,fiction
Birnam Wood,Eleanor Catton,2023,2.0,6/11/24,441.0,thriller
Trust,Hernan Diaz,2023,0.0,5/2/23,417.0,literary fiction
Fire Keeper’s Daughter,Angeline Boulley,2023,0.0,3/16/21,428.0,fiction
Tomorrow and Tomorrow and Tomorrow,Gabrielle Zevin,2023,0.0,6/25/24,417.0,fiction
Lessons in Chemistry,Bonnie Garmus,2023,0.0,4/5/22,423.0,fiction
The Lost Journals of Sacajewea,Debra Magpie Earling,2023,0.0,5/23/23,215.0,historical fiction
A Deadly Education,Naomi Novik,2023,0.0,9/29/20,336.0,fantasy
Whistling Vivaldi: How Stereotypes Affect Us and What We Can Do,Claude Steele,2023,0.0,4/4/11,257.0,nonfiction
The Last Graduate,Naomi Novik,2023,0.0,9/28/21,345.0,fantasy
The Golden Enclaves,Naomi Novik,2023,0.0,9/27/22,365.0,fantasy
The Education of an Idealist,Samantha Power,2023,0.0,9/10/19,805.0,memoir
Spear,Nicola Griffith,2023,0.0,4/19/22,192.0,fantasy
The Women Could Fly,Megan Giddings,2023,0.0,8/9/22,293.0,fantasy
When Women Were Dragons,Kelly Barnhill,2023,0.0,2022-05,0.0,fantasy
Hench,Natalie Zina Walschots,2023,0.0,9/22/20,426.0,fantasy
Ink Blood Sister Scribe,Emma Torzs,2023,0.0,5/30/23,403.0,fantasy
Quantum Radio,A.G. Riddle,2023,0.0,3/2/23,560.0,sci fi
Olga Dies Dreaming,Xochitl Gonzalez,2023,0.0,1/4/22,349.0,fiction
The Night Watchman,Louise Erdrich,2023,1.0,3/3/20,464.0,literary fiction
"Poverty, By America",Matthew Desmond,2023,0.0,3/21/23,305.0,nonfiction
Of Love and Other Demons,Gabriel Garcia Marquez,2023,0.0,10/15/14,162.0,classics
A Heartbreaking Work of Staggering Genius,Dave Eggers,2023,0.0,2/12/13,416.0,literary fiction
The Heat Will Kill You First,Jeff Goodell,2023,0.0,7/11/23,327.0,nonfiction
Cribsheet,Emily Oster,2023,0.0,4/21/20,353.0,nonfiction
All Systems Red,Martha Wells,2023,0.0,5/2/17,93.0,sci fi
The Future,Naomi Alderman,2023,0.0,11/7/23,432.0,speculative fiction
Artificial Condition,Martha Wells,2023,0.0,5/8/18,160.0,sci fi
Fourth Wing,Rebecca Yarros,2023,0.0,5/2/23,631.0,fantasy
Yellowface,R F Kuang,2023,0.0,5/16/23,314.0,literary fiction
The House of Spirits,Isabel Allende,2023,0.0,12/15/15,512.0,classics
Siblings Without Rivalry,Adele Faber and Elaine Mazlish,2023,0.0,4/9/12,256.0,nonfiction
The Vaster Wilds,Lauren Groff,2023,0.0,10/10/23,337.0,historical fiction
The Immortalists,Chloe Benjamin,2023,0.0,2/5/19,370.0,fantasy
Rogue Protocol,Martha Wells,2023,0.0,8/7/18,160.0,sci fi
The Return of Faraz Ali,Aamina Ahmad,2023,0.0,4/4/23,369.0,international fiction
Cutting for Stone,Abraham Verghese,2024,0.0,5/17/12,560.0,literary fiction
Exit Strategy,Martha Wells,2024,0.0,10/2/18,143.0,sci fi
Iron Flame,Rebecca Yarros,2024,0.0,1/21/25,0.0,fantasy
Termination Shock,Neal Stephenson,2024,0.0,11/16/21,450.0,sci fi
Dinners with Ruth,Nina Totenberg,2024,0.0,9/13/22,320.0,memoir
"Sure, I’ll Join Your Cult",Maria Bamford,2024,0.0,9/5/23,288.0,memoir
My Roommate is a Vampire,Jenna Levine,2024,0.0,8/29/23,353.0,fantasy
Generation Ship,Michael Mammay,2024,0.0,10/17/23,355.0,sci fi
House of Flame and Shaddow,Sarah J. Maas,2024,0.0,2024,0.0,fantasy
Master Slave Husband Wife,Ilyon Woo,2024,0.0,5/11/23,450.0,nonfiction
Behold the Dreamers,Imbolo Mbue,2024,0.0,6/26/17,418.0,fiction
Prodigal Summer,Barbara Kingsolver,2024,1.0,9/4/08,501.0,literary fiction
Stay With Me,Ayobami Adebayo,2024,0.0,7/10/18,274.0,international fiction
Tom Lake,Ann Patchett,2024,0.0,8/1/23,296.0,literary fiction
Commonwealth,Ann Patchett,2024,0.0,9/13/16,279.0,literary fiction
Swing Time,Zadie Smith,2024,0.0,11/15/16,464.0,literary fiction
Chain Gang All Star,Nana Kwame Adjei-Brenyah,2024,1.0,1/23/24,433.0,speculative fiction
A Burning,Megha Majumdar,2024,0.0,6/2/20,304.0,international fiction
Future Home of the Living God,Louise Erdrich,2024,1.0,11/14/17,288.0,speculative fiction
Wild,Cheryl Strayed,2024,0.0,3/26/13,338.0,memoir
Good Inside,Becky Kennedy,2024,1.0,9/13/22,206.0,nonfiction
A Place for Us,Fatima Farheen Mirza,2024,0.0,3/5/19,402.0,fiction
The Female Persuasion,Meg Wolitzer,2024,0.0,5/21/19,482.0,fiction
How to Win Friends and Influence People,Dale Carnegie,2024,0.0,5/17/22,260.0,nonfiction
Improvement,Joan Silber,2024,0.0,11/1/17,240.0,literary fiction
The Mango Tree,Annabelle Tometich,2024,0.0,4/2/24,289.0,memoir
James,Percival Everett,2024,1.0,3/19/24,274.0,literary fiction
The Stardust Grail,Yume Kitasei,2024,0.0,6/11/24,287.0,sci fi
Bewilderment,Richard Powers,2024,0.0,9/21/21,230.0,literary fiction
Turbulence,David Szalay,2024,0.0,6/8/21,160.0,short stories
The Sentence,Louise Erdrich,2024,0.0,11/9/21,299.0,fiction
True Biz,Sara Novic,2024,0.0,2/28/23,417.0,fiction
All Fours,Miranda July,2024,0.0,5/14/24,337.0,literary fiction
The Interestings,Meg Wolitzer,2024,0.0,3/25/14,561.0,fiction
a,b,2024,,1917,147.0,classics
